review,voted_up,created_at
FUN!,1,2026-05-20 14:06:45
its a movie,1,2026-05-20 14:02:14
gulu gulu,1,2026-05-20 13:47:16
cac,1,2026-05-20 13:38:08
heck yeah,1,2026-05-20 12:27:53
26374758i5678678968989678969784563563563456,1,2026-05-20 12:26:11
UNOPTIMIZED old junky battle royale do yourself a favor and just play apex or warzone....,0,2026-05-20 12:11:43
i like playing this game,1,2026-05-20 12:06:02
good,1,2026-05-20 11:18:07
"Realistic Shooter
first person aspect is nice",1,2026-05-20 11:16:20
LIKE,1,2026-05-20 10:32:29
Slop,0,2026-05-20 10:30:19
this game suck,0,2026-05-20 09:37:21
Even tho I met Minimum it crashes 5 mins after loading completely pointless,0,2026-05-20 09:19:03
Always time for a little friendly head clicking.,1,2026-05-20 08:56:58
"good
",1,2026-05-20 08:44:54
Its a good game,1,2026-05-20 06:31:49
dfsd,1,2026-05-20 05:53:45
"Just annoying in general, because you are just running to get a gun then BAM a guy snipes you from 1000m away",0,2026-05-20 05:03:09
༼ つ ◕_◕ ༽つ BUSHIDO TAKE MY ENERGY ༼ つ ◕_◕ ༽つ,1,2026-05-20 03:39:04
love the game,1,2026-05-20 03:36:51
CRAP GAME,0,2026-05-20 03:35:36
Where is POKAMOLODOY in PAYDAY Streamer Challange leaderboards when he should be ranking first? And why such nonames like MADARAWASTAKEN have the ability to trashtalk them out of this challange?,0,2026-05-20 03:21:10
its good,1,2026-05-20 02:59:57
С пивком потянет!,1,2026-05-20 02:53:05
"Мне нравится эта игра, спасибо!",1,2026-05-20 02:47:58
best game ever!,1,2026-05-20 02:38:15
fun,1,2026-05-20 01:52:27
:),1,2026-05-20 01:33:24
"ragequiting everyday
",1,2026-05-20 00:33:06
"Today is completely unplayable i can run VS Code and several Claude agents fine but just start the game for minutes already made everything lags and FPS drops, even open task manager takes 30s. WHAT THE HELL IS GOING ON?",0,2026-05-20 00:03:27
.,1,2026-05-19 23:50:32
Really good game,1,2026-05-19 23:47:26
♥♥♥♥ game never matchmakes with same level player how the ♥♥♥♥ iam supposed to kill 500 lvl players in each match,0,2026-05-19 23:40:14
GOOD GAME GNG,1,2026-05-19 23:26:49
so many hackers,0,2026-05-19 22:37:30
good game,1,2026-05-19 21:51:19
game nhu cc,0,2026-05-19 21:10:22
Not really,1,2026-05-19 20:58:30
Goooooooooodddd,1,2026-05-19 20:18:57
Krafton is an absolute ♥♥♥♥ show,0,2026-05-19 20:00:53
Good Game to Play,1,2026-05-19 19:49:44
my laptop not blown up,1,2026-05-19 19:34:11
not fun but fun,0,2026-05-19 19:33:09
niceuuuuu,1,2026-05-19 19:17:35
Fun and challenging,1,2026-05-19 19:13:59
no,0,2026-05-19 17:48:54
Pretty Fun but there is a lot of bots,1,2026-05-19 17:47:36
good game,1,2026-05-19 16:45:52
"Buggy ♥♥♥♥ tier game. Full of hackers, dev don't care. I honestly hope the whole team gets nuked. 1/10 dont even waste your space on your computer.",0,2026-05-19 16:30:11
DEAD GAME,0,2026-05-19 16:02:04
♥♥♥♥ game,0,2026-05-19 15:41:45
third person is lame,1,2026-05-19 09:17:27
"I killed 3 people in close combat with a crowbar and a sickle before entering the street, getting in a car, and getting chased down by 4 Mad Max looking fellas in a larger car who had exponentially more firepower than me. This game has its moments, needs better servers and bot control.",1,2026-05-19 09:05:01
awful just... why do i play this...,0,2026-05-19 08:12:24
boklu oyun,0,2026-05-19 06:43:13
it is a fun shooting game and fun!!!!!!!,1,2026-05-19 06:37:46
"underrated game, I think most of the bad reviews are from players who used to play this game when it was in a better state than it currently is, and that's valid, the game is not quite as good as it used to be but it's still a pretty fun game. They kind of did what fortnite did though, and they started doing a lot of collabs and adding super bright colored cosmetics and it really changed the feel of the game a bit. The big problem for me is how many bots there are in each lobby; For newer/returning players there can be up to over 80 bots in a game. Out of 100 players. That's absolutely insane. Still super fun, definitely over-monetized, way too many bots in each lobby, but still can be a pretty fun and intense experience.",1,2026-05-19 06:31:19
Buns,0,2026-05-19 06:27:46
"My dear frying pan.
You are a strong weapond and a good shield. You are comfortable to hold and i can throw you far far away.
You can deal and tank damage. Including friendly fire.",1,2026-05-19 06:26:01
like,1,2026-05-19 06:16:56
"i got hacked ♥♥♥♥♥♥
",0,2026-05-19 05:47:22
"♥♥♥♥
",1,2026-05-19 05:27:45
very good,1,2026-05-19 05:12:41
gudgud gem,1,2026-05-19 04:35:44
"The clear battle royale goat. One of the all time classics next to CSGO, AOE2, GTA san andreas - a pillar of gaming.

Good move to have returned the map select feature",1,2026-05-19 04:08:28
"Do not even try play that game. 9 year game full of bug ,no optimization ,more and more. about cheaters i have no word ranked play this is terrible. they just running all over the map and kill without even hiding and no one bans them because they donate to the game 
P.S game dead let it stay that way.",0,2026-05-19 04:07:15
goodgame,1,2026-05-19 04:05:38
A,1,2026-05-19 03:54:57
"peace of ♥♥♥♥, playable",1,2026-05-19 03:52:21
"Brutally hard, people have had plenty of time to master the game, so the learning curve is steep. great game though.",1,2026-05-19 02:48:22
"normal game, but would arather see some military uniforms instead of latex penguin suits.
",1,2026-05-19 02:24:26
bring me luck and fack me hard,1,2026-05-19 02:07:23
"Trash 

If you value yourself and your state of mind don’t play it.
don’t recommend.",0,2026-05-19 01:15:18
PUBG PC is A very Good game for all time.,1,2026-05-19 01:07:02
cheaters and bots,0,2026-05-19 00:43:21
Ching chang chu,1,2026-05-19 00:28:08
gud gud,1,2026-05-19 00:17:31
too many cheat,1,2026-05-18 23:50:18
oah,1,2026-05-18 23:36:19
pergi main woi,1,2026-05-18 23:28:13
pubg,1,2026-05-18 23:23:35
There are hardly ten percent of players in this game who are not cheaters.,0,2026-05-18 23:21:19
Fun to play with friends. The mach making is fast.,1,2026-05-18 22:38:44
",olpkm.",0,2026-05-18 21:42:37
it's playable,1,2026-05-18 21:20:49
"TUYE
",1,2026-05-18 21:01:23
"hey guys.
welcome me in your community.",1,2026-05-18 20:20:00
The worst Battle passes ever and the stuff in the shop are terrible as well.,0,2026-05-18 20:00:26
"Would love to play the Game but i wont install Windows to do so.

Enable Linux Anti cheat and make the game playable!",0,2026-05-18 19:51:29
Classic.,1,2026-05-18 18:14:36
Very Bad Game,0,2026-05-18 17:32:49
惊险刺激的体验 每次情况不同 感觉也不一样,1,2026-05-18 16:50:52
hi,1,2026-05-18 16:48:44
"so many crashes, so many bugs, and too benefit mainland ping",0,2026-05-18 16:48:37
a little annoying sometimes because of cheaters but other than that its good.,1,2026-05-18 15:41:08
I hope they really focus on solving the hacking problem in this game. I really like this game (even tho I'm suck). I really hope this game keeps growing. Really don't wanna see it die or be called a dead game,1,2026-05-18 15:00:45
i liked the payday ltm but they should make that a full game,0,2026-05-18 15:00:41
ggg,1,2026-05-18 13:21:43
''''''',1,2026-05-18 12:44:25
"Nothing humbles you faster than spending 15 minutes looting only to get instantly sent back to lobby by a level 500 player using iron sights and pure hatred.

Peak human suffering. Peak gaming.",1,2026-05-18 12:44:08
1,1,2026-05-18 12:03:49
How isn't this supported on Linux? As if id install any more p2p games on windows. Not worth it in this case.,0,2026-05-18 11:32:37
Gay,0,2026-05-18 11:25:48
pretty fun.,1,2026-05-18 11:00:10
"very good game, the store/micro transactions is the worst thing ever, like 50 different currencys complicate tf outta it",1,2026-05-18 10:06:20
"It aged like a fine wine.

All things beside, everything got better when they implemented team mate tags for calling them back from death.",1,2026-05-18 09:54:09
"There is a severe lack of variety in this game, and I think everyone playing could agree with me on that. They should introduce more animal cosmetics, specifically catering to players with a dragon persona, along with military gear and anime-style outfits. Furthermore, letting us change the colors of clothing, weapons, and certain animals without altering their core style would be an amazing feature.
​On top of that, PUBG needs a dedicated money-match game mode, similar to Warzone's Plunder. It would be something new and actually fun, especially for people who just want to go around shooting or sniping without a short countdown timer and a closing circle. Everyone would love a mode where you collect cash for match upgrades, and PUBG would make a massive amount of money if they finally added these kinds of features.",0,2026-05-18 09:35:39
"TRASh
",0,2026-05-18 09:19:32
"Game is movement and combat feel super clunky, they havent updated it sense it came out instead added a bunch of micro transactions. not a good game at all.",0,2026-05-18 09:15:25
great,1,2026-05-18 08:52:46
"favorite battle royale game
",1,2026-05-18 08:15:04
"Perfect game before it was free and the cheaters came.

PUBG: Where you land thinking you’re a stealthy sniper, but somehow die to a guy with a frying pan. Intense, chaotic, and oddly satisfying every time you survive… for five seconds.",1,2026-05-18 07:31:35
"Lots of HACKERS and the Graphics are pretty BAD! 
PLUS how does a frying pan STOP A BULLET?
",0,2026-05-18 07:21:16
LESS CHEATERS  and fun fact game,1,2026-05-18 06:42:32
"There is a severe lack of variety in this game, and I think everyone playing could agree with me on that. They should introduce more animal cosmetics, specifically catering to players with a dragon persona, along with military gear and anime-style outfits. Furthermore, letting us change the colors of clothing, weapons, and certain animals without altering their core style would be an amazing feature.
​On top of that, PUBG needs a dedicated money-match game mode, similar to Warzone's Plunder. It would be something new and actually fun, especially for people who just want to go around shooting or sniping without a short countdown timer and a closing circle. Everyone would love a mode where you collect cash for match upgrades, and PUBG would make a massive amount of money if they finally added these kinds of features.",0,2026-05-18 05:59:49
really good fun,1,2026-05-18 05:29:35
G,1,2026-05-18 05:08:45
Just started playing and already loving the challenge. Died a lot but finally got my first few kills 😂,1,2026-05-18 04:37:33
PUBG is frustrating shi sometimes but addictive AF,1,2026-05-18 04:08:55
the girls,1,2026-05-18 03:50:53
j,1,2026-05-18 03:13:25
,1,2026-05-18 02:50:14
"There is a severe lack of variety in this game, and I think everyone playing could agree with me on that. They should introduce more animal cosmetics, specifically catering to players with a dragon persona, along with military gear and anime-style outfits. Furthermore, letting us change the colors of clothing, weapons, and certain animals without altering their core style would be an amazing feature.
​On top of that, PUBG needs a dedicated money-match game mode, similar to Warzone's Plunder. It would be something new and actually fun, especially for people who just want to go around shooting or sniping without a short countdown timer and a closing circle. Everyone would love a mode where you collect cash for match upgrades, and PUBG would make a massive amount of money if they finally added these kinds of features.",0,2026-05-18 02:21:53
мяу,1,2026-05-18 02:07:40
The only issue I have is that it doesn't have the skill based matchmaking,1,2026-05-18 02:04:50
нормалды,0,2026-05-18 02:02:37
niceeee game just wow,1,2026-05-18 01:52:10
Simple and Good.,1,2026-05-18 01:38:31
"cheaters rampant, at least a dozen in every single match without fail, do not play",0,2026-05-18 00:52:07
tf games keep disconnect me,0,2026-05-18 00:43:01
itis sou good game,1,2026-05-18 00:12:27
my dear gamer friends I invite you to uninstall and boycott this ♥♥♥♥♥♥ game I bet that if it hadn't been released in 2017 during the battle royale hype this game would have quickly disappeared other games deserve our attention,0,2026-05-18 00:08:29
nicee,1,2026-05-17 23:28:18
"Okay, this game has stayed true to the ""Barefoot War"" style gameplay... if you know what I mean and keeps the bs to a minimum... being mechanics are simple, based on positioning and timing, aim and not much luck other than don't be on a potato for a pc.",1,2026-05-17 23:05:45
.,0,2026-05-17 22:59:58
"This game make me scary
",1,2026-05-17 22:54:25
very good 10/10,1,2026-05-17 21:47:58
niga,0,2026-05-17 21:31:21
"It has no support for Linux. Since most of the gamers are right now transitioning to Linux as it is a superior operative system with a superior native API (Vulkan) integration, it is very important that KRAFTON is able to observe this change. PUBG has always been my favorite game (I bought it). But right now I must remove it from my account since It has no Linux support. Since I won't go back to Windows, I know that I won't be able to play this game anymore, and I will have to play others. I have been so active that I've been doing purchases as gifts for my friends. So it is really sad for me to have to send this review and say goodbye to PUBG. I hope that one day KRAFTON is able to give full support to Linux. Thanks for all.",0,2026-05-17 21:13:36
"is a mess. The game runs like a brick even on mid‑range PCs optimization feels like it was never a priority. While cheaters exist, the bigger problem is how clunky and punishing the gameplay is, especially for beginners. You’ll spend more time fighting the engine than enjoying the match. Save yourself the headache.",1,2026-05-17 21:07:51
W GAME,1,2026-05-17 21:06:12
good game,1,2026-05-17 20:14:24
"game with most cheaters,macro users etc.... save your nervs and health and dnot play this rubish game",0,2026-05-17 20:08:46
Just started playing and already loving the challenge. Died a lot but finally got my first few kills 😂,1,2026-05-17 20:01:11
"good
",1,2026-05-17 19:35:48
Nice,1,2026-05-17 19:34:24
"PUBG is a good, old-fashioned battle royale that we used to love back in 2017, and that I still like today—though I definitely enjoy it more with friends. 
I wanted to add that despite the bush campers, doubtful collaborations, and a gacha aspect that has become unbearable as the years have passed, I still recommend it for playing with friends because it is just so much fun.

​Thanks for reading,
See you on the battleground.",1,2026-05-17 19:06:06
laggggggggggggggg,0,2026-05-17 18:46:12
Israel cosplay,1,2026-05-17 18:31:16
The godfather of battle royale,1,2026-05-17 18:29:45
"Unknown Cheater Battleground

",0,2026-05-17 17:17:06
"Love it, dream about playing it since 8 years ago.",1,2026-05-17 17:05:32
96,1,2026-05-17 16:12:24
loving it,1,2026-05-17 16:00:32
Pretty neat OG battle royale.,1,2026-05-17 15:01:10
fun game,1,2026-05-17 14:44:29
NICE PUBG,1,2026-05-17 14:07:56
"If you are coming from console don't even bother playing. You cant cross progress or even get your items from console account over to your Steam account. They want you to spend the money again or are just to lazy with all the money they are getting to put in the time and effort needed to make the changes happen. 

Take it from someone that has made this mistake. Now all my items are lost.",0,2026-05-17 13:58:13
too many cheater nowadays,0,2026-05-17 13:47:34
i like this game,1,2026-05-17 13:16:17
best,1,2026-05-17 11:50:12
"very slow animated T.T,,,..... graphics and detailing is to the peak ...",1,2026-05-17 11:24:38
"Why, when I select a 4-player match, do I sometimes get placed into teams with only 3 players — or even just 2 players including myself — while still being matched against full teams of 4 players?",1,2026-05-17 10:31:35
"BUGGY, ILLEGAL HACKING, ILLEGAL SMURFING, BAD PLAYERS, WEATHWER BAD",0,2026-05-17 08:48:32
"Buggy, illegal hacking, illegal smurfing, bad players, weather bad",0,2026-05-17 08:46:44
buggy lome illegal handking illegal smurfing illegal bed player south korea bot kool country,1,2026-05-17 08:46:31
"cheater games!
",0,2026-05-17 08:20:30
"Prob the worst game ever made. If you'd like a skin good luck, you'll end up spending more than $100 to get what you actually want. Total scam. No a great game anymore, just a cash snacther sofware.",0,2026-05-17 07:31:02
"okay game not very enjoyable especially with all the sweat in game
",0,2026-05-17 07:28:15
puubgeee buntul gruend,1,2026-05-17 07:24:56
Winna Winna Chicken Dinner!,1,2026-05-17 07:03:00
"It's strange how Pubg has been out for so long now and is one of the few battle royals that is actually still alive and well.

To me it feels very similar to when I used to play on Xbox when it first came out, and I think that's why it's done well.

They haven't changed the formula. Fortnite, Warzone, H1Z1, all changed the formula and fell of a cliff. This game hasn't.

Still gets my heart racing every time.",1,2026-05-17 06:31:25
"good
",1,2026-05-17 05:32:04
"Estava com 9 horas de jogo, me divertindo bastante até, mas um dia matei um jogador aleatório, e tomei  um ban de 1 dia por cheats/hacks. Por acaso matei um dev? Esse game sai distribuindo bans gratuitos? Isso é ridículo",0,2026-05-17 05:25:43
.,1,2026-05-17 05:22:35
111111111111111111,1,2026-05-17 04:55:52
Getting ♥♥♥♥♥♥ left and right,1,2026-05-17 04:51:16
NICE,1,2026-05-17 04:06:44
Yes.,1,2026-05-17 04:00:51
♥♥♥♥ game for ♥♥♥♥ eating indians,0,2026-05-17 03:32:42
First Match Killed by 400+ lvl Player Started Few other Matches Gets Killed by 100+ lvl Player,0,2026-05-17 03:16:26
alan walker,1,2026-05-17 03:04:10
"soumyadeep chamar, or nang ankita r biye hoye gechey.
",0,2026-05-17 02:56:07
good game for who dont pay,1,2026-05-17 02:48:07
ok,1,2026-05-17 02:34:40
do mooooooooooga,1,2026-05-17 01:54:47
Да не,1,2026-05-17 01:54:15
Mast game h,1,2026-05-17 01:41:01
"sexy
",1,2026-05-17 01:12:28
yes🙃,1,2026-05-17 01:12:07
Unbalanced ♥♥♥♥ with fun,0,2026-05-17 01:10:46
I like this game but to me its only fun with friends.,1,2026-05-17 00:52:07
GAME GATEL,0,2026-05-17 00:08:40
"You wait three minutes for the battle to start. You wait for the plane to approach the target location. You jump out of the plane. You fly. You land on the map and pick up your weapon. After that, there are two possible outcomes:
1. You get killed in the first minute of the game. You exit from battle with 0 damage. You wait for the battle to start again.
2. You run for 20 minutes. Then you get killed by a level 500+ player. You exit from battle with 0 damage. You wait for the battle to start again.

10 out of 10 wait times
0 out of 10 hits to the enemy
0 damage dealt to the enemy",0,2026-05-16 23:50:37
kontol bagus banget,1,2026-05-16 22:17:43
"Used to be a good game but with so many cheaters, silly anti cheat system and terrible rotation maps have made the game not playable!",0,2026-05-16 22:08:50
"I like jank. But this? Too much jank and AI used quite badly. Controls and mechanics feel unpolished, which for a game this old and popular I just don't understand. Main menu is cluttered and overwhelming.

Only tried this out due to the Payday collab. I don't get the point of doing a collab and replacing the poster boy of the franchise, Dallas, with a horribly rendered AI image.",0,2026-05-16 22:01:22
"1. You drop
2. Loot for 15 minutes
3. Get insane loot
4. Die to a 500th LVL player",1,2026-05-16 21:09:57
the best game with great graphics must try this game you guys,1,2026-05-16 20:43:28
Full of lags and crashes in menu,0,2026-05-16 20:12:25
I love it,1,2026-05-16 19:57:53
Game Bagus,1,2026-05-16 18:28:05
game lon bien thai vcl,1,2026-05-16 18:05:41
gg,1,2026-05-16 17:59:17
Horrible experience as new player,0,2026-05-16 17:55:53
Trash krafton kinda just destroys everything they touch,0,2026-05-16 17:40:24
"10/10
If you want to ruin your day",1,2026-05-16 17:13:36
It's 2026 and the game is still riddled with cheaters. Depressing really,0,2026-05-16 16:50:39
make airdrops worth to get pls,1,2026-05-16 15:45:40
Its nice to come play a slower pace game.,1,2026-05-16 15:41:14
for true gamers,1,2026-05-16 14:49:59
"is so good
",1,2026-05-16 14:13:48
I played this game years ago cause a friend bought it for me and now it's funny to see it's chinese mobile slop,0,2026-05-16 14:08:37
"GOAT 
",1,2026-05-16 13:48:27
"fun, not racist",1,2026-05-16 12:56:58
Yawa a aning duwa a oy,1,2026-05-16 11:06:31
this game is hard but you will get better and better and it will be fun for you like it is for me.,1,2026-05-16 10:14:42
"my average is 5.5 hours per day rn
I'm absolutely not addicted))",1,2026-05-16 09:07:11
XYETA,0,2026-05-16 09:05:50
KIM DAHA SABIRLA YATARAK BEKLEYECEK OYUNU,0,2026-05-16 08:43:07
it shows goods,1,2026-05-16 08:08:12
"Good gamee
",1,2026-05-16 07:48:44
"Fun game to play with a party, can be as casual or sweaty as you want it to be. 
However, no Linux support is a big con",1,2026-05-16 07:26:55
L,1,2026-05-16 06:34:51
i realy realy realy like this update where you can shoose your map i played this game for m10 years now i loveeeeeeeeeeee  Erangel and this makes it so i can play Erange al ever,1,2026-05-16 06:11:45
The PayDay game mode is pretty decent fun. Fair play to everyone involved with that. Would love to see more of it.,1,2026-05-16 06:00:40
luv it,1,2026-05-16 05:57:21
💩,0,2026-05-16 05:17:29
no no recomendation,0,2026-05-16 05:13:46
"If you can make it past the first 300 hours of getting wrecked by lvl500s with over 5000 hours in the game, you'll have fun.",1,2026-05-16 04:14:40
Liked.,1,2026-05-16 04:12:38
Nice,1,2026-05-16 03:54:43
صص,1,2026-05-16 03:22:41
Minecraft'tan sonra gelen en iyi battleroyale oyunudur. 300 saat 20 FPS ve altinda oynatmayi basardiysa bu oyun olmus demektir.,1,2026-05-16 02:49:15
GOOD,1,2026-05-16 02:25:53
"ok
",1,2026-05-16 02:16:52
Still one of my fvt game,1,2026-05-16 01:53:13
gg,1,2026-05-16 01:52:50
gg,1,2026-05-16 01:52:46
too much hackers,0,2026-05-16 01:51:07
nice,1,2026-05-16 01:50:14
so much slow and mic issue.,0,2026-05-16 01:48:42
good,1,2026-05-16 01:36:46
im wainting for a 2 hours update to play,0,2026-05-16 01:35:10
Goooodd,1,2026-05-16 01:13:11
"70% of players have problems launching the game. The ""black smoke"" splash screen issue at startup and after a match has been unresolved for three years now. All online solutions for this issue are no longer effective, with the possible exception of third-party apps!",0,2026-05-16 01:11:30
gg,1,2026-05-16 01:02:55
"The battle royal that started the craze. It thought it was decent, but compared to today's battle royals, there are multiple ones better ones today and they are free.",0,2026-05-16 01:02:25
good,1,2026-05-16 01:01:31
bombanesh,1,2026-05-16 00:49:55
i am india,1,2026-05-16 00:19:26
The graphics are poor on a high-end PC with ultra settings! The trees are blurry and pixelated even at 150 meters! I expected more from the game.,0,2026-05-16 00:15:55
♥♥♥♥♥,1,2026-05-16 00:15:13
Harika,1,2026-05-16 00:07:40
"PUBG is fun because it keeps things simple, no superpowers or futuristic mechanics, just good gunplay, positioning, and smart fights.
",1,2026-05-15 23:53:40
someone buy me ranked :(,1,2026-05-15 23:24:21
Very Good,1,2026-05-15 22:34:01
Its aight,1,2026-05-15 22:14:37
GG,1,2026-05-15 21:43:55
Яна Сво,1,2026-05-15 21:36:39
"My friends, I'm aboard an Mi-6 helicopter. This is the beginning of my vacation in Cambodia. I'm about to parachute. I'll let you know the landing location and subsequent deployment later.",1,2026-05-15 21:11:18
masih lemot anjing,1,2026-05-15 19:50:33
The game is all about realism...But the most popular mode is from the third legal entry.,1,2026-05-15 19:44:18
umm 3 hours playtime in in 3 hours get it get it ok its a rally cool br game but its js too f...ing hard too find ammo and i suck ofc,1,2026-05-15 19:36:16
fun if i liked getting graped by 18 blackmen and a dildo up my ass 18 hours a day,1,2026-05-15 19:09:52
good,1,2026-05-15 18:53:05
i love game good game,1,2026-05-15 18:36:46
"You gave Harley 33 days and Eve an extension, but aespa it's only 12-13 days? without even garantee pulling an avatar skin nah, bye.",0,2026-05-15 18:22:40
"♥♥♥♥♥♥♥♥♥ game ive ever played, each time i q up there is only sweats no fun im dropping and getting killed 3 minutes in the match",0,2026-05-15 17:30:58
W,1,2026-05-15 17:26:34
game good,1,2026-05-15 16:36:12
"Ini game bagus, top tier S GOTY se Eropa hingga Asia Tenggara. Aku harap Tencent dan garena kasih update collab dengan Jhonny s.",1,2026-05-15 16:32:14
"Nice Game 
",1,2026-05-15 16:31:50
"I love PUBG and hate it at the same time
I've been oversea for about 1 month then came back to Sydney for about 2 weeks 
this game still calling me more than CS2 
PUBG remind me of a lot of bad memories

Live UPDATE of me with PUBG
: Lost skills, senses, and more 
: Heavy angry affect from dies in games
: Get depresses from team deathmatch 
: Cry about how did i miss the shot
: And more
Still love this game

VASKO From Sydney",1,2026-05-15 16:12:52
"垃爆了 老误封
、",0,2026-05-15 15:49:45
All the good times I'v ehad are incredibly overshadowed by the SIX games in a row I was solo-queued into a DUOS lobby. WTF is the point,0,2026-05-15 15:42:02
"I mean it’s still exactly the same which can be a good or a bad thing depends on who you ask. 

The biggest weakness is balance in matches playing in lobbies with level 60-200 level players who shoot you from halfway across the map isn’t fun for new comers or returning players.  

It’s still one of the biggest and better br out there.",0,2026-05-15 15:40:09
best game to buy cheat and feel like Shooter-GOD this company not even try to do something about this . waste of money and time . Full of cheaters !!!,0,2026-05-15 13:44:55
bobo,0,2026-05-15 13:26:18
"Don't use rifles, try maining a car & pistol. (Bonus points for a bicycle.)

This game has a learning curve, but highly rewards skill if you get the hang of it. Plus it's just fun and goofy if you let it be. The 4 (or 2) person team means that even if you suck, you can still succeed. Or suck.",1,2026-05-15 13:00:26
AKM,1,2026-05-15 12:53:34
"Cheater, cheater, pumpkin eater. Rampant in this game during times where the sun shines across the eastern part of the world. Other times, great gameplay.",1,2026-05-15 12:34:51
the besty,1,2026-05-15 12:25:23
Still too many cheaters and they do not do anything about it.   There is a vid about a guy cheating for 272 days and still not banned... it tells you Krafton is getting kickback from the cheat programs or is the owner of the cheat programs,0,2026-05-15 12:14:59
good,1,2026-05-15 12:13:47
fun,1,2026-05-15 11:27:02
,1,2026-05-15 09:19:58
"World of campers, hf playing against",0,2026-05-15 08:39:41
 gg,1,2026-05-15 07:18:25
"Just pure fun. I just wish they'd reduce the amount of loot that can be found in the game, as it take the anxiety of the jump out of the game. Finding two lvl 3 vest, 2 to 3 kar98. etc, next to one another is just plain ridiculous, lol. Otherwise, great game as always.",1,2026-05-15 07:09:40
NOT FUN GAME THAT YOU KNOW !,0,2026-05-15 06:05:22
its a great shooter,1,2026-05-15 05:42:38
you get mental isuses when pling this game but is super fun sometimes,1,2026-05-15 05:40:28
Kkkida,1,2026-05-15 05:23:32
"The owner of Krafton is a greedy, selfish ♥♥♥♥♥♥♥ (dyor). Play the game, DO NOT spend any money.",1,2026-05-15 04:58:54
its okay.,1,2026-05-15 04:54:44
"Отличная игра, кроме отличного настоения от геймплея, PUBG еще учит коммуникациям в команде",1,2026-05-15 04:39:12
"bohot tatti game hay na karna download recoil control kartay huay he gand phat jati hay 
",1,2026-05-15 04:33:53
"elaaaaaaa
",1,2026-05-15 04:19:29
"Still a ton of cheaters with the new update. Aimbot is still rampant and no bans are going out after reports are made. Besides the cheats, its's fun... just fix that junk already!!!",1,2026-05-15 03:55:00
Fast reaction on banning cheaters,1,2026-05-15 03:49:51
This game is good af,1,2026-05-15 03:33:28
"One day, i woke up and  decided  to play  this game with my friend, we got our guns AR/SR and  whent  to fight ,  the second we started stooting from long range, we knew this game is ass, when you  have your sights on the guys head  while   shoot a high caliber gun at a guy that's rufly 100- 150 m  just to see that bullet  go down  like  Bony Blues Kid's rep in school after they find out  who there mother is, o and don't even touch the AR's  the sec you fire  your camara for to space, a lot of cheaters/ flying cars,  and the game feels do dull no action at all, it fells like it's a walking simulator, then when you get in to a fight  you  get deleted  in 0.0001's  with  a  gun that has infinite recoil which when you  use it you just kill the air then the player, all in all, this game displays it's self as a ""realistic battel royal"", yee the only realistic thing in the game is the dmg you get when you hit a wall when riding a car, other then that  the so called erectile dysfunction bullet droop,  the RNG on the bullet spread and the trash Moderation. Over all  1/10 would not recommend for beginners to a shooter game it's just trash there are better Battel royal games then this  just play PUBG MOBILE 10000% more fun or any game other then this.",0,2026-05-15 03:03:04
yess,1,2026-05-15 02:58:08
I really like the battle royale,1,2026-05-15 02:26:19
nice,1,2026-05-15 02:08:22
Pure trash nowadays,0,2026-05-15 01:41:24
apex,1,2026-05-15 01:37:04
"Classic
",1,2026-05-15 01:29:53
good,1,2026-05-15 00:38:07
อัพเดตเหี้ยไรนักหนากูจะเล่นเกม,0,2026-05-14 23:59:15
very awesome cooling,1,2026-05-14 23:47:18
best games ever,1,2026-05-14 23:45:27
Harambe,1,2026-05-14 23:33:25
very cool,1,2026-05-14 23:20:24
Game is NOT worth the download speeds.,0,2026-05-14 22:35:23
2만원을 썻는데 한개도 안뜸 펍지 망해라 ㅗㅗㅗㅗ,0,2026-05-14 22:25:22
cool game very cool and fun laggy at times but probably cause my lack of ram,1,2026-05-14 22:10:26
"My favorite battle arena game. I keep coming back to it.
However, after making the VSS louder, I'm less and less interested in playing. You've ruined the whole silent mode experience... Bring back the silent VSS and I'll change my review.",0,2026-05-14 21:35:33
aaaaaaaaaaaaauuuuuuuuuuu,1,2026-05-14 21:11:25
Great fun with friends honest best boots on the ground battle royale the all time great,1,2026-05-14 21:02:23
"Hi, I enjoyed playing this game right until couple of recent updates, my audio was mess up for some reason. Distorted/garbled sound on my headphone whenever this game is launched. I can no longer game while playing music on the back ground.  Worst, spatial sound no longer works, which make a huge difference when playing this game.",1,2026-05-14 19:30:56
55454,1,2026-05-14 19:28:21
"3.6/15000
horrible",0,2026-05-14 19:00:04
asdfg,1,2026-05-14 18:45:33
This Game Fing Sucks,0,2026-05-14 17:43:55
 I make white kids mad all day 😹,1,2026-05-14 16:44:38
amazing great game,1,2026-05-14 16:41:43
Great game,1,2026-05-14 16:40:32
"Fun, action filled, and strategic. Every match feels like a new adventure and I enjoy the variety in the gun play and maps. Squads is incredibly fun with friends whether you want to go for the chicken dinners or simply goof off! Very fun, and would definitely recommend!",1,2026-05-14 16:24:09
Super game,1,2026-05-14 15:48:13
"very interactive and realistic
",1,2026-05-14 15:38:39
"FUN WITH THE RIGHT GROUP OF PLAYERS
",1,2026-05-14 15:06:05
PLEASE ALLOW THE BANK HEIST MUSIC TO BE TURNED OFF . WTF  GAME IS 5 / 5,1,2026-05-14 14:21:35
Ever since I made an attempt to play this game. I'm always having issues. Back in 2023-2024 I was always lagging. I decided to play again since I'm using Ethernet. This time I'm having KMODE Exception Not Handled 0x1E and System Exception (I forgot the rest). IDK what the problem is. But I was really looking forward to play this game.,0,2026-05-14 13:22:10
"good
",1,2026-05-14 12:33:37
good game,1,2026-05-14 11:54:05
good game,1,2026-05-14 11:01:14
bang,1,2026-05-14 10:52:55
best,1,2026-05-14 10:41:03
waste of time,0,2026-05-14 10:30:36
it was 4 k,1,2026-05-14 09:18:01
great game,1,2026-05-14 08:26:38
fun game to play with friends :),1,2026-05-14 07:55:36
GG,1,2026-05-14 07:48:05
"Pretty fun game, just dont lose your cool while youre building your skills, if you play casually its really enjoyable.  feels like an adventure everytime",1,2026-05-14 07:24:57
great game play,1,2026-05-14 07:12:32
😔,0,2026-05-14 06:45:57
good,1,2026-05-14 06:26:11
Very nice game i got 1 tapped in first 5 min,1,2026-05-14 05:22:39
Тебе берсту с т1 броником на перой менуте матча а противникам т3 с топ оружием фулл в обвесах и иди воюй,0,2026-05-14 04:28:47
"interesting game, which there was an easier way to earn bp",1,2026-05-14 04:15:46
good game,1,2026-05-14 03:58:19
"китайский понос, в котором не регает",0,2026-05-14 03:52:50
"I have a large circle of acquaintances and many accounts, this is one of the main accounts. I played many games and still play them, but I chose PUBG and it became the best. The worst thing is that I still donate and I play a lot, but I have never once received a progressive weapon skin or anything. It's just that people who I brought to play and played and gave up on the first try, gave up on it and I think that's why I'm losing motivation and I'll give up on this game too...",1,2026-05-14 03:42:04
",




",1,2026-05-14 03:38:01
game shutters a lot fix this,0,2026-05-14 02:59:07
BEST GAME EVER,1,2026-05-14 02:25:36
best,1,2026-05-14 02:19:51
"always a great game to play with friends
",1,2026-05-14 01:58:10
"[h1] Legit rant [/h1]
This game went downhill the moment it became free to play.
Tons of hackers, the lack of real bans (people automatically switch accounts in 10 minutes using tools hackers provide), and updates that don't address real issues ([b] they removed the weapons people loved so far [/b] recently, nobody asked for it).

It's not a great competitive FPS like it was before; it's just a playground for hackers that's slowly drifting into GTA-like arcade gameplay.

[h1] Synoposis [/h1]
I can't recommend this to anyone in 2026.",0,2026-05-14 01:53:42
the team games when you know other people and can invite them to play,1,2026-05-14 01:46:56
nice game,1,2026-05-14 00:39:09
Good game,1,2026-05-14 00:04:31
good,1,2026-05-13 23:24:59
пабг уже не торт но пойдет впринципе,1,2026-05-13 23:22:35
ok,1,2026-05-13 23:15:44
"Verry fun
",1,2026-05-13 22:46:02
"Bla bla bla. Jump plane, find gun, bang bang, chicken/no chicken.  Go next. 10/10.",1,2026-05-13 22:41:15
Bubba G,0,2026-05-13 22:37:14
"Enjoyable game but Krafton is removing a lot of the fun in the game by removing weapon options in favour of adding gimmicks that go largely unused by the player base (E.G. Inflatable boat, vehicle camo netting)


Loot became incredibly dense allowing players to get a full kit from most safe drop locations leading to games feeling very same-y to me. This isn't an objective issue just a personal one.


tldr: weapon variety made the game fun but they are removing a lot of guns.",0,2026-05-13 21:52:14
Been playing this game since day one. Legit the best BR.,1,2026-05-13 21:37:39
keep calm and drop pochinki,1,2026-05-13 21:34:52
Is halt geil wa,1,2026-05-13 21:09:53
"game loz
",1,2026-05-13 21:04:57
"The explosive popularity of PUBG back then had its reasons. The game was very fun, satisfying both economic and entertainment aspects. Its unique action system made every victory dance soar freely. Although the game struggled with preventing cheating, it is still undeniable that it was an excellent pioneering game.",1,2026-05-13 21:00:15
"I like the slower paced style of PUBG as opposed to warzone and similar battle royale.  I play solos, so can't comment on squads, but in terms of gameplay, I feel pubg gets the sim bettter than the rest.",1,2026-05-13 20:46:41
best br game,1,2026-05-13 20:39:52
i love killing each other.,1,2026-05-13 20:31:26
Good game,1,2026-05-13 20:05:37
it good with friends,1,2026-05-13 20:03:15
no,0,2026-05-13 19:41:20
just try get all hacks out of game and will be better for all,1,2026-05-13 19:34:42
"susah cik, tp gw jago",1,2026-05-13 19:30:42
Less cheaters would be nice,1,2026-05-13 18:55:48
best game ever,1,2026-05-13 18:37:51
good,1,2026-05-13 18:20:51
เยี่ยมสนุกมาก,1,2026-05-13 18:12:40
really good game but im a starter and i get matched up with lvl.500's its unfair,1,2026-05-13 18:01:41
"i really like this game because the gun i firing the opponent are very reality
",1,2026-05-13 17:59:15
Peak gamig,1,2026-05-13 17:37:31
Good,1,2026-05-13 17:29:16
"50% Iraq firefight
30% Chinese username with good gaming chair
19% third partying 
1% Decent loot",1,2026-05-13 16:49:19
sf,1,2026-05-13 16:38:25
Its run and operated by a communist country so  because of that its a HACKER HAVEN! Just to be clear click box if received free is only a smokescreen! Although you get free download you pay to get perks or special gear so don't let the fools fool you! You pay if you want to enjoy what it has to offer! In all honesty it's the best game of its kind yet we let scum run & operate it! Nope china's still the worst culture in our worlds history! they truly are the weakest minded culture in the world at the present time!,0,2026-05-13 16:38:01
Verygood,1,2026-05-13 16:26:26
very good,1,2026-05-13 16:00:38
Good shooter game,1,2026-05-13 15:44:56
ganda,1,2026-05-13 15:38:21
krafton please roll taego,1,2026-05-13 15:33:51
ywa,1,2026-05-13 14:57:06
lololol44,1,2026-05-13 14:47:18
cake walk,1,2026-05-13 14:38:00
I first started playing PUBG on mobile and I liked it a lot. I hop there will be more fun while playing it on PC with better graphics.,1,2026-05-13 14:30:19
"То что у китайцев свой ПАБГ, всё равно не спасло нас",1,2026-05-13 14:04:00
Good fun with friends,1,2026-05-13 13:53:10
"played PUBG to release stress, got killed by my own grenade

10/10 would recommend",1,2026-05-13 13:47:19
One of... if not thee best... Battle Royale game ever created...,1,2026-05-13 13:29:03
brings me back to cod waw,1,2026-05-13 13:22:33
nice,1,2026-05-13 13:21:38
"Drop in, murder people, die, repeat. Its perfect.",1,2026-05-13 12:27:06
fireee,1,2026-05-13 12:10:27
dad,1,2026-05-13 12:09:15
GG,1,2026-05-13 12:01:40
"i like  this game 
",1,2026-05-13 11:47:21
"i was spend too much time for update, very unhappy!",0,2026-05-13 11:30:39
"Best BR game still sucks, sweats and tryhards will insta kill you.",0,2026-05-13 10:38:47
do i get my money back since i bought it for 29.99 day 1 and now its free to play?,1,2026-05-13 10:36:00
"PUBG is still the purest form of battle‑royale stress you can legally buy.  
Every match feels like a slow‑burn thriller: quiet looting, tense rotations, and then sudden chaos when someone with a level‑3 helmet appears out of nowhere to ruin your day. The gunplay remains the star — recoil patterns, bullet drop, and positioning all matter, and winning a fight feels earned rather than random.

Maps are varied, the pacing is unique, and no other BR captures that “I swear I heard footsteps” paranoia quite like PUBG. It’s not perfect — desync moments and the occasional bug still exist — but when the stars align, nothing beats the adrenaline of a clean chicken dinner.

If you enjoy tactical shooters where every decision counts, PUBG still delivers.",1,2026-05-13 09:52:45
絕地求生,1,2026-05-13 09:25:42
"best games ever 
",1,2026-05-13 09:23:17
good game,1,2026-05-13 09:22:36
♥♥♥♥♥♥♥♥ players,0,2026-05-13 09:03:32
ok,1,2026-05-13 07:49:34
ТОПОВАЯ ИГРУШКА,1,2026-05-13 07:47:53
cak game nhu lolz,1,2026-05-13 07:01:17
i like everything wished we has a pubg 2 comming,1,2026-05-13 06:59:03
geras zaidimas bet galetu susitavrkyti garsus nes huj parasyi is kur saudo,1,2026-05-13 06:02:21
yikes,0,2026-05-13 05:17:28
"NICE
",1,2026-05-13 05:12:36
"i like
",1,2026-05-13 04:43:41
its ok,1,2026-05-13 04:34:11
ww team,1,2026-05-13 04:27:16
its good game but Fortnite chapter 1 session 4 is better,1,2026-05-13 04:02:45
"LAND
LOOT
DIE
REPEAT
Still one of the best battle royale games ever.",1,2026-05-13 03:51:07
One of my favorite game. It reminds me of lots of good memory.,1,2026-05-13 03:25:49
Really fun battle royale game recommend,1,2026-05-13 01:22:41
"AMZ game i so luckly 
",1,2026-05-13 00:40:43
good.,1,2026-05-13 00:25:45
"такие мобики конечно тут играю, по кайфу мочить их в пабгджане",1,2026-05-12 23:28:20
Great game,1,2026-05-12 23:26:51
BETTER THAN VALORANT,1,2026-05-12 23:26:12
to good,1,2026-05-12 23:19:37
"Who doesnt love to get beamed by any AR full auto at 300+ m , Omega fun. would recommend this game any Cheater like Apex Legends. both Devs dont care! Müsst ihr selbst wissen.",0,2026-05-12 22:46:52
good,1,2026-05-12 21:17:57
"you must play this game
",1,2026-05-12 21:08:51
1314,1,2026-05-12 20:30:14
Fun BR to play with friends.,1,2026-05-12 20:24:58
its fun,1,2026-05-12 20:02:05
s,1,2026-05-12 19:50:31
sadsad,1,2026-05-12 19:45:37
"Hi, I recommend this game, it's kind and positive, though you need to get used to the shooting, it's well done here, each weapon and caliber has its own bullet trajectory, there's a place for both fans of slow gameplay with meticulous looting and tactical maneuvers, and fans of meat grinders and action. I'm writing a review because of the nice number of hours, I'm sure everyone already knows about good old PUBG anyway.",1,2026-05-12 19:43:05
a hpw do ou,0,2026-05-12 18:38:10
"The game is bad in every way, from bugs and cheaters to crashes. I just called a BRDM in zone 5, was swimming to shore, then I crashed and died from the zone. My second friend decided to take the BRDM and he also crashed. Now the two of us are spectating our third friend.",0,2026-05-12 18:32:25
good,1,2026-05-12 17:07:22
horrible performance,0,2026-05-12 16:33:09
"Mismanaged, but fun.",1,2026-05-12 15:00:28
game gets crashed .,0,2026-05-12 14:53:26
Nostalgic,1,2026-05-12 14:47:00
垃圾服务器没有优化bug一堆,0,2026-05-12 14:41:19
atleast 1 hacker every or every other game not very enjoyable anymore !,0,2026-05-12 14:37:16
never lost the magic imo,1,2026-05-12 13:04:22
classic and great title,1,2026-05-12 11:58:20
"Cool game, bought it for money, then it became free. There are interesting modes, but they made everything more complicated, I used to earn some cash here on cases, but now it's a mess.",1,2026-05-12 11:26:12
"DOG WATER AHHH GAME WON'T LAUNCH FOR ME ANYMORE... SAD, I GOT IT TO LAUNCH ONCE THOUGHT I FIXED IT AND I BE DAMN IF IT WOULDN'T LAUNCH AGAIN.. Almost 700hrs later and prolly 500 on console.. Never thought the game would be so bad that you had to solve for x just to make it launch smh. Do not buy this game in 2026",0,2026-05-12 11:22:14
every time there is a problem with game,0,2026-05-12 11:19:43
"Since 2021, I've played 39 hours. Also, the developers of this wonderful game banned me with VAC because I most likely died in the wrong place, thanks, very cool game.",0,2026-05-12 11:19:06
"every random u meet are missing their frontal lobes. if u slime one of ur teammates, the rest will freeze up and stare at the dead body for 10 seconds, trying to process the situation. (Based on true story btw)",1,2026-05-12 11:14:14
good for newbie fps,1,2026-05-12 11:02:51
"that very game that draws you in with shooting, but when you think you're starting to get somewhere, you realize that everything else in this game repels you and you don't like it, but overall it's easy to find enjoyment here, just take a Panzer",1,2026-05-12 09:28:27
realistic!,1,2026-05-12 09:12:39
w,1,2026-05-12 06:51:04
 n,1,2026-05-12 06:42:35
Simple BR w/ no magic goblins or aliens. A lot of bots though?,1,2026-05-12 06:36:37
classic,1,2026-05-12 06:16:50
[b] 67🕶️[/b],1,2026-05-12 05:49:38
"Nowadays, this game isn't worth playing. The game itself is good; you feel the mechanics are a bit outdated, but it's sill fun. I believe most people who play it now do so more out of nostalgia than because the game is actually good. I believe there are better options on the market.",0,2026-05-12 05:49:26
"this game so fudging good
",0,2026-05-12 05:10:04
5S,1,2026-05-12 04:57:52
"There has always been a fanbase for this game, It is fun.
If you enjoy Fortnite it is similar (thanks to Epic's lack of an original thought) but has more serious tones to the feel of the game overall.
My only warning is I've heard the game suffers from hackers in ranked and more competitive scenes",1,2026-05-12 04:09:05
"Waste precious 10-20 minutes looting and running just to get killed by scumbags who can see through walls and shoot headshots at 100% accuracy all the time, then getting them banned ONLY for A WEEK. Probably already got hundreds of screenshots saved of people I reported getting a ""TEMPORARY BAN"" for ""UNUSUAL GAME PATTERNS"". It's like CS2, they allow cheaters to keep their servers populated and their player count high. Great game, terribly managed.",0,2026-05-12 03:52:44
Beest game,1,2026-05-12 03:01:14
In this game you fight 1 squad the next second 3squads fight you this game is absolute ♥♥♥♥ the ranked system is completely ♥♥♥♥♥♥ having fun so far,0,2026-05-12 01:35:42
Ban on cheaters is poor here.,1,2026-05-12 01:25:10
love this game so far its been a vibe and my first shooter game with a bang on pc but fire game regardless my new main now!,1,2026-05-12 01:19:54
Trash game,0,2026-05-11 23:56:12
one of pioneers of battle royal and still hard to replace,1,2026-05-11 23:44:30
"Since day one player, over 1300 hours, one of my top most played games, lots of time streaming and making memories with friends AND NOW...no more.

For the TLDR, game bad. Carless greedy company, the worst gambling of loot boxes I've ever seen, no concern for the quality of experience for the players, laughable attempts of quashing the constant surge of cheaters, severly limited servers with no option of choice, insane ratio of in game currency value to the dollar and on top of all that is an extreme lapse of quality of in game content.

Understandably, there are many different points of view and likes accross many different personalities so there is great varience in opinions and therefore not everything is for everyone. Aside from previous satement there is still some measure of quality that is objective and I'd like to dive into those over personal feelings or experience.

Most importantly is quality of Publisher/Developer. Naturally, the ideals and desires of the two are often differing, conflicting, independant, selfish. Why not, one will care more about face, money and status while the other concerns themselves with quality of product and it's users. Uncertain as to which one is more reasponsible for the copious negatives BUT there is almost nothing possitive to say about anything purtaining to the responsibilities of quality in game that either company oversee. Gambling is quite possibly one of the worst things to be implemented in casual and competitive gaming in order to create a strive for goals and the rewards of their completion and PUBG is without a doubt the worst one in the gaming industry containing: Several different tabs to visit to obtain in game cosmetics, a couple different unique currency PER TAB, obscure ways to obtain said currency, painfully slow gain of currency, the value of the items woeully insignificant to the total value of game time and possibility to earn, multiple loot box systems with a miniscule chance to earn anything valuable, grotesquely unfair ratio of covertion rate of real dollar to premium currency with next to no way to gain outside of spending real money.

There remains a fair deal of cosmetic content to gain without dropping a single dollar and it REMAINS a choice for the user if they wish, which I sadly have chosen and lament the thought of calculating that total value. Possibly sitting somewhere in the highest of tripple diggits. As it stands, not an ounce of this game is pay to win, all of the currencies prelude to just cosmetics and PUBG has some of the flashiest character designs, gun vehicle and even lobby skins BUT unlocking them is akin to an enternity of scraping your nails on a chalkboard and hoping that the next minute might yield gold.

Another point is the game mechanics. As a drop in, loot, survive and winner winner chicken dinner it is safe to say that, while not being the first in it's genre, PUBG has set the ultimate ground work and become synonymous with the game type, Battle Royal. Veritably the most saddest example of a ""where are they now?"" scenario like a slap in the face is that of PUBG now, similar to discovering your childhood hero is infact in rehab for various illegal activities. Which isn't to say the overabundance of cosmetics and crossover deals has interfered much at all with the overall game experience, just look at fortnite, everyone loves a bit of whimsy in their lives. Saddly the level of detail in gunplay, the strategey unique in many Mil Sims, the squad based gameplay and skill levels and outcomes have ALL been on a rapid decline. Quality of gameplay systematically making way for the glam and glitter designed to distract players into painfully forcing themselves into the meat grinder with the epitath of ""just one more"".

Futhermore understandable is the claim of ""get good"" in a game of competitive challenge. With most games, a progression from beginner to top player is meant to scale with the player, combining challenge with reward further cultivating an overall positive experience which provides opportunity to ""get good"". However many new player, returning player or just a casual drop in and out player are met with matchups agaisnt skill levels that belong only in the eSports level, denying the first five to ten steps required to obtain ""good"" status. Personally to say after 1300+ hours I have very little skill to show for time spent, of which at one point I commited time and effort to train myself. Learning in game physics, selecting guns to master an understanding of, developing of tactics and even perfection of the drop system, like the broken shattered dreams laid before me I am left with naught but ruin and frustration. After all that I'd like to point out, only ever casual gaming, never trying for anything other than drop in and play. That level of standard for a game is grotesque in it's entirety, solidifying the game primarily as a private club of people built only on the extremely skilled player. 

Throughout the many years PUBG has been alive, it has seen far more than it's fair share of cheaters. Myself and friends of mine have personally seen some of the worst cheating in our gaming experiences, from the simple terrain cliping or expliot, wall hacks, auto aim, zero recoil to some severe diobolical cheating. I personally witenessed a kill cam reveal a player from across the map, lock instantly onto various people positions throughout the map, move through ground, wall and building in seconds to end up right behind me. While the appeal of a free game is very attractive to many players, there is always a little caveat of the previously mentioned problems such as high loot box focus, agressive battle pass, small to moderate percentage of the game locked away ABOVE ALL lies the biggest achilies heel in the form of cheaters. There is ZERO recompense for these cheaters, bans easy to work back around, accounts to be made as infinatly as you can create emails. Understandably there can be little done sometimes, if someone wants to cheat and ruin other players games, they are going to BUT one simple way that can stop cheaters or at least a vast majority of them is a game price. You can't bounce back from a ban anywhere near as easily if it costs you financially.

Finally as a nail in the coffin, I have not once seen a game require in order to simply use a feature of it you phone number, personal phone number, information which is only likely needed to track or steal information. Security is an extremely garbage reason to require personal information in order to play ranked modes as opposed to quick match. Systems across the whole of game space in the entirety of ever have never once needed that type of feature and it should come as a precursor for what either the game devs or publishers really care about which is tracking it's users.

Whilst personaly I've had my own ups and downs, possitive and negative memories, pros and cons, loves and hates and despite this length of a review, I could fill this space double over with my own personal thoughts and experiences. This game and it's makers care and hope for only one thing, the money they can bleed out of it's users while they distract players with the flashy lights of pretty outfits and instill false hope that the random chances are remotely achieveable. Solid 0/10, this game deserves to be laid to rest.

Edited Adendum: The cheating is not nearly as prolific as previously stated and has been handle quite well of late compared to PUBG's earlier years.",0,2026-05-11 23:34:39
.,1,2026-05-11 23:00:53
"can't play the game, won't let me get into the client, super buggy.",0,2026-05-11 22:26:46
♥♥♥♥♥,1,2026-05-11 22:15:40
ADILI JOKOWI,1,2026-05-11 22:05:40
incroyable,1,2026-05-11 20:49:51
worst gameever,0,2026-05-11 20:14:15
BEST GAME IN THE WORLD,1,2026-05-11 18:26:43
564746,1,2026-05-11 18:21:24
this ♥♥♥♥ makes me want to grab a spoon hold it over my lighter i used to burn my mother and then dig into my cranium and rip out my eyeball and then proceed to my other eye ball and put them into a plastic bag and then stomp on it then put it in my mouth and chew it then feed it to my skinned alive cat like a mama bird and then wait for it to digest it out and then shove it into my eye sockets so it contaminates my brain and kills me slowley,0,2026-05-11 18:20:22
damn good. i am trash but damn good,1,2026-05-11 18:07:00
easiest cure for madness,1,2026-05-11 17:40:19
Hope you like to sweat.,0,2026-05-11 16:41:37
gg,1,2026-05-11 16:36:52
"gey
",1,2026-05-11 15:48:03
"Been having fun time with this game lately
",1,2026-05-11 14:38:00
The best way to test your attentiveness and ruin your eyesight to -100 because of a guy who likes to sit in the bushes.,1,2026-05-11 13:49:18
"awesome game i ever played
",1,2026-05-11 13:04:34
"Gather loot for 20 minutes. Drive around for 20 minutes. Sneak around for 20 minutes. Get shot in the head out of nowhere, after an hour of seeing nobody and accomplishing nothing.

I don't get it.",0,2026-05-11 12:32:25
GG but no Linux </3,0,2026-05-11 12:00:43
very fun game,1,2026-05-11 10:50:30
"Nothing beats the adrenaline rush of the final circle. 20 minutes of looting, 2 minutes of intense fighting, and the best victory feeling in gaming.",1,2026-05-11 08:16:31
good game,1,2026-05-11 08:10:25
fgrsrtsxhf,1,2026-05-11 08:03:30
:D,1,2026-05-11 07:25:02
"uhhhhh fun
",1,2026-05-11 07:22:22
still goated lowkey,1,2026-05-11 07:13:37
One of the best games I have ever played in my entire life and I have played games all of my life and in my life this is the best one of them all omg,1,2026-05-11 06:35:47
Epic game!  Still one of the best BR out there=),1,2026-05-11 06:32:29
ВЫВ,1,2026-05-11 06:30:13
this is the best game i ever seen,1,2026-05-11 06:23:35
1,1,2026-05-11 05:56:11
Legend!?,1,2026-05-11 05:34:11
I CANT CONNECT THE ♥♥♥♥♥♥♥ SERVERS,0,2026-05-11 05:32:16
"NICE GAME, I LIKE IT",1,2026-05-11 05:16:39
add,1,2026-05-11 05:06:53
55uy5rnujhnjjtjrtju,1,2026-05-11 05:00:29
THIS IS TRASH GAME,0,2026-05-11 04:56:47
noice,1,2026-05-11 04:43:58
this game kinda alright but gliders are cool,0,2026-05-11 04:34:36
gamatogaime,1,2026-05-11 04:13:43
Good game,1,2026-05-11 04:12:50
"The game is becoming increasingly frustrating to play. Many players appear to have almost no recoil, even with weapons that should be difficult to control. It often feels like the anti-cheat system is either ineffective or completely absent. There are also too many smurf accounts and highly experienced players using new accounts, which makes matchmaking unfair for regular players. PUBG still has great potential, but the current state of cheating and account abuse seriously damages the experience for honest players. At this point, I cannot recommend this game to new or returning players.",0,2026-05-11 03:54:04
Add Cross progression we are in 2026 step it up. I want to use the cosmetics I paid for in your game but you are not allowing me to.,0,2026-05-11 03:51:02
ai,0,2026-05-11 03:43:23
only good with friends or rare friendly strangers. everything else is just solo-4man,1,2026-05-11 03:42:48
y,1,2026-05-11 03:01:06
SDex,1,2026-05-11 02:37:23
gud,1,2026-05-11 02:34:53
"mr.monster

",1,2026-05-11 02:05:24
nice,1,2026-05-11 01:43:48
"Spend 12500 G-Coin, didn't even get a single one Eve Record File, what a scam, that even expensive more than a original Stellar Blade Game",0,2026-05-11 01:31:18
zalupa,0,2026-05-11 01:09:11
Doesn't work on Linux.,0,2026-05-11 01:03:27
,1,2026-05-11 00:20:01
I liked it a bit...,1,2026-05-11 00:17:55
Gud,1,2026-05-11 00:14:57
Best game I ever found for free it is goated. Good graphics but I would like more machine guns please and thank you. Over all 5 stars,1,2026-05-10 23:15:45
good,1,2026-05-10 23:13:20
game nhu con cac,1,2026-05-10 22:14:34
"პუბგ
პ არკში
უ ნდა 
ბ ორჯომი
გ ავხსნა 
",0,2026-05-10 22:08:13
good game <3,1,2026-05-10 22:00:11
m,0,2026-05-10 21:16:19
S,1,2026-05-10 20:58:42
"good game 
",1,2026-05-10 20:53:24
Good game,1,2026-05-10 19:34:11
"After years of supporting and playing PUBG: Battlegrounds, this is honestly the first time I’ve felt truly disappointed as a customer. I don’t think players should have to go through this kind of troubleshooting process just to launch a game. Instead of effectively dealing with hackers, the game keeps making its anti-cheat system more aggressive, and legitimate players end up suffering from crashes, conflicts, and launch issues. A game shouldn’t require users to dig through services, drivers, and background processes just to make it work.",0,2026-05-10 18:33:27
Me is AKM god,1,2026-05-10 17:45:27
Bad,0,2026-05-10 17:34:26
ok,1,2026-05-10 16:58:32
"Yeah man pair a rookie like me up against ♥♥♥♥♥♥ Death token collectors like it's the purge.

> This game would be amazing if the player base had normal iq.
> Don't fight anyone who has mandarin in their username
> It's fun and addicting at times.

Overall 6/10
",1,2026-05-10 16:39:41
Not bad.,1,2026-05-10 16:05:39
it was so fun and i like so moch,1,2026-05-10 15:49:39
yolo,1,2026-05-10 15:45:59
game = good,1,2026-05-10 15:26:10
OLD BUT GOLD,1,2026-05-10 14:24:28
♥♥♥♥♥ ♥♥♥♥♥♥♥ everywhere,0,2026-05-10 14:09:56
"This game is currently dead in Sydney... I have to play singapore server, though it's 120ms, the game is still enjoyable",1,2026-05-10 13:39:30
banned for no reason less than 5 hours after installing the game,0,2026-05-10 13:35:29
Best Game! 👍,1,2026-05-10 12:57:52
z,1,2026-05-10 11:52:04
"Clunky and odd controls / training.
Honestly didn't even make it to the PVP before uninstalling.",0,2026-05-10 10:54:16
game bagus banget anjiirrr,1,2026-05-10 10:39:32
this game is a true horror game,1,2026-05-10 10:02:15
-----------------------------------,1,2026-05-10 08:57:32
this game is really fun and run really well on my pc,1,2026-05-10 08:54:36
gg,1,2026-05-10 08:04:29
F2P,1,2026-05-10 06:43:23
"Every game is different, and there are training areas to get the hang of the game before jumping in at the deep end.",1,2026-05-10 06:21:34
"Its aightt, needs an update if we being forreal",1,2026-05-10 06:16:06
"hi
",1,2026-05-10 06:05:21
"GAME KONTOL, TIBA TIBA NLD, PAS MASUK LAGI MALAH GAME CRASH NGENTOT",0,2026-05-10 05:29:23
gg,1,2026-05-10 05:26:49
l,1,2026-05-10 04:56:21
With Friends its an absoulte Shenanigas and lots of curses and an extreme amount of shouting with such fun. Fr try it with friends and if u dont have them. theres trump wars happenin try that out.,1,2026-05-10 04:35:59
Great game that has stood the test of time. just needs better character models and movement,1,2026-05-10 04:33:52
Day one player and still great fun...somehow.,1,2026-05-10 04:21:06
"game.
",1,2026-05-10 04:08:35
"Dancing Asian man, Chinese dance meme, Chinese man dancing meme, Chinese man dancing, Chinese guy dancing, big Asian man dancing song, buff Chinese man dancing, dancing Asian man song, buff Chinese man dancing song, dancing Chinese man, Asian man dancing, Chinese guy dancing meme, Asian guy dancing meme, Chinese dancing man, Asian guy dancing, dancing Asian man tiktok, Asian dance meme, Chinese dancing meme, angry Chinese man dancing, Chinese guy dance, funny Chinese man dancing, Dancing Asian man, Chinese dance meme, Chinese man dancing meme, Chinese man dancing, Chinese guy dancing, big Asian man dancing song, buff Chinese man dancing, dancing Asian man song, buff Chinese man dancing song, dancing Chinese man, Asian man dancing, Chinese guy dancing meme, Asian guy dancing meme, Chinese dancing man, Asian guy dancing, dancing Asian man tiktok, Asian dance meme, Chinese dancing meme, angry Chinese man dancing, Chinese guy dance, funny Chinese man dancing, Dancing Asian man, Chinese dance meme, Chinese man dancing meme, Chinese man dancing, Chinese guy dancing, big Asian man dancing song, buff Chinese man dancing, dancing Asian man song, buff Chinese man dancing song, dancing Chinese man, Asian man dancing, Chinese guy dancing meme, Asian guy dancing meme, Chinese dancing man, Asian guy dancing, dancing Asian man tiktok, Asian dance meme, Chinese dancing meme, angry Chinese man dancing, Chinese guy dance, funny Chinese man dancing, Dancing Asian man, Chinese dance meme, Chinese man dancing meme, Chinese man dancing, Chinese guy dancing, big Asian man dancing song, buff Chinese man dancing, dancing Asian man song, buff Chinese man dancing song, dancing Chinese man, Asian man dancing, Chinese guy dancing meme, Asian guy dancing meme, Chinese dancing man, Asian guy dancing, dancing Asian man tiktok, Asian dance meme, Chinese dancing meme, angry Chinese man dancing, Chinese guy dance, funny Chinese man dancing, Dancing Asian man, Chinese dance meme, Chinese man dancing meme, Chinese man dancing, Chinese guy dancing, big Asian man dancing song, buff Chinese man dancing, dancing Asian man song, buff Chinese man dancing song, dancing Chinese man, Asian man dancing, Chinese guy dancing meme, Asian guy dancing meme, Chinese dancing man, Asian guy dancing, dancing Asian man tiktok, Asian dance meme, Chinese dancing meme, angry Chinese man dancing, Chinese guy dance, funny Chinese man dancing, Dancing Asian man, Chinese dance meme, Chinese man dancing meme, Chinese man dancing, Chinese guy dancing, big Asian man dancing song, buff Chinese man dancing, dancing Asian man song, buff Chinese man dancing song, dancing Chinese man, Asian man dancing, Chinese guy dancing meme, Asian guy dancing meme, Chinese dancing man, Asian guy dancing, dancing Asian man tiktok, Asian dance meme, Chinese dancing meme, angry Chinese man dancing, Chinese guy dance, funny Chinese man dancing, Dancing Asian man, Chinese dance meme, Chinese man dancing meme, Chinese man dancing, Chinese guy dancing, big Asian man dancing song, buff Chinese man dancing, dancing Asian man song, buff Chinese man dancing song, dancing Chinese man, Asian man dancing, Chinese guy dancing meme, Asian guy dancing meme, Chinese dancing man, Asian guy dancing, dancing Asian man tiktok, Asian dance meme, Chinese dancing meme, angry Chinese man dancing, Chinese guy dance, funny Chinese man dancing, Dancing Asian man, Chinese dance meme, Chinese man dancing meme, Chinese man dancing, Chinese guy dancing, big Asian man dancing song, buff Chinese man dancing, dancing Asian man song, buff Chinese man dancing song, dancing Chinese man, Asian man dancing, Chinese guy dancing meme, Asian guy dancing meme, Chinese dancing man, Asian guy dancing, dancing Asian man tiktok, Asian dance meme, Chinese dancing meme, angry Chinese man dancing, Chinese guy dance, funny Chinese man dancing, https://youtu.be/074-vejvWAE",1,2026-05-10 04:07:34
good game,1,2026-05-10 03:58:25
The Zone is ridiculous. It appear suddenly and player even don't have enough time to get in to zone. There are few cars. Shooting style is slow,0,2026-05-10 03:57:22
TPP focus is a mistake.,0,2026-05-10 03:30:53
"lame ass game, i played 150 hours with no problem at all, i love the game but for god's sake after 150 mark my game just started crushing whenever i hopped into a game, it happened after i downloaded valorant which i deleted after the game started crushing, i tried to verify the files, delete the game and redownload, nothing works.",0,2026-05-10 03:28:30
POES KAK,0,2026-05-10 03:20:19
Good,1,2026-05-10 02:59:43
its counter strike enough said,1,2026-05-10 02:53:39
toots,1,2026-05-10 02:16:58
"one of the classics
",1,2026-05-10 01:30:28
♥♥♥♥,0,2026-05-10 01:26:18
..,1,2026-05-10 00:53:21
no sounds,0,2026-05-10 00:41:44
pubg,1,2026-05-09 23:58:32
gg,1,2026-05-09 23:48:32
good game,1,2026-05-09 23:18:01
We Love to Play a Game with OG Friends,1,2026-05-09 22:34:51
"sorry i cant pay u for ranked game so u leaving me to play against 500lvl players 
i remmemberd this game as good one but today its trash",0,2026-05-09 22:20:09
worst game ever,0,2026-05-09 22:15:55
"gamblers paradise, bad matchmaking and a million different controls for no reason",0,2026-05-09 22:15:48
recoil 😡😡😡,0,2026-05-09 21:58:40
.,1,2026-05-09 21:40:20
"♥♥♥♥ game
",0,2026-05-09 20:52:00
"good game
",1,2026-05-09 20:35:26
a,1,2026-05-09 19:59:59
ok nhieu hack,1,2026-05-09 19:26:44
lovbely,1,2026-05-09 17:36:40
"loot, shoot.... lobby repeat :)",1,2026-05-09 17:19:00
"Khoton
",1,2026-05-09 17:04:02
da fwafawfawf,1,2026-05-09 16:44:02
game,1,2026-05-09 16:43:04
niceeee,1,2026-05-09 15:56:15
after coming back to the game after a number of years its sad to see its still absolutley full of cheaters,0,2026-05-09 15:47:24
"good game, detail is good!",1,2026-05-09 14:44:28
"game feels heavy like the movement isnt reponding good and the car movement gives ms high cortisol, this is how the game is made actually",0,2026-05-09 14:02:53
gg,1,2026-05-09 14:01:45
a,1,2026-05-09 13:40:34
realistic and fun,1,2026-05-09 13:19:06
"nice
",1,2026-05-09 13:03:38
hay,1,2026-05-09 12:29:36
"Even years after its launch, PUBG: BATTLEGROUNDS remains the gold standard for tactical battle royales because it prioritizes positioning and gunplay over high-speed movement gimmicks. The learning curve is steep, but the reward for a win—the ""Winner Winner Chicken Dinner""—is still one of the most satisfying rushes in gaming.",1,2026-05-09 09:51:47
Unplayable ... Only chinese people lvl 500 playing this ♥♥♥♥ game . server with 80 ping minimum . PUBG is dead. CHINESE SLOP,0,2026-05-09 09:41:18
"Gooner ass trash game. Sold out completely, played by mostly children and hackers. Not or, and.",0,2026-05-09 08:38:14
"yeah, its pretty good. fun game. cool players",1,2026-05-09 08:36:02
good,1,2026-05-09 08:09:30
Very Nice Gsme,1,2026-05-09 08:04:27
"its a good game, but the matchmaking is really bad imo. i have 19 hours and im at level 32, and much of the times, i got placed in a match with people with level 100+, on normal and casual mode. i think im as fast as i can possibly be to develop as a player, to ""catch up."" from 0 to level 32 in just 19 hours. im at a situation where i literally cant develop further to bridged the gap, to get good.
i dont think its much of a matchmaking system. matchmaking as a system supposed to work like a system where it can bridge the skill gaps between players, at least thats what i think. the system in the game doesnt function like that however. i play the game to have fun, and i think the matchmaking system just ruin it for me. 4/10",0,2026-05-09 07:55:12
good game. would love to see more maps and talents and some more weapons and a grapple hook and also crouch sliding,1,2026-05-09 06:50:57
Yes,1,2026-05-09 06:49:51
♥♥♥♥♥♥ company bans 1 month for saying ♥♥♥♥ you and 5 days for destroying a players experience via wall hacks and auto aims,0,2026-05-09 06:24:05
yee,1,2026-05-09 06:10:04
realistic yet game like with great mechanics and gameplay,1,2026-05-09 05:23:44
hackers just about every game.,0,2026-05-09 04:58:18
"This game is ♥♥♥♥..yet you keep playing it for some reason,,,,idk why
",1,2026-05-09 04:23:23
great training for the upcoming war,1,2026-05-09 04:22:34
"This is crap This is crap This is crap This is crap This is crap This is crap This is crap This is crap This is crap This is crap 
 это не просто дерьмо это уже ад это ваще топ жэто дку132",0,2026-05-09 04:12:23
♥♥♥♥ game,0,2026-05-09 03:28:41
Not bad? i like it,1,2026-05-09 03:04:54
Goofy mixture of military realism and half naked guys with shorts.,1,2026-05-09 03:04:49
ЕЖЕДНЕВННЫЕ БОИ ЗА МАЛОЮ ТОКМАЧКУ,1,2026-05-09 02:59:49
hello,1,2026-05-09 02:11:31
better game,1,2026-05-09 02:11:16
massive game,1,2026-05-09 02:04:19
best battle royale ever despite seeing some negative reviews that are quite ignorable,1,2026-05-09 01:48:00
"This is trash af .Everywhere hackers Zankythos is down, FIX THIS GAME ON PC",0,2026-05-09 01:08:36
เกมส์แย่มาก แครชไม่เลิกงง,0,2026-05-09 00:53:07
it's too comp now,1,2026-05-09 00:52:27
cheaters and hackers,0,2026-05-09 00:35:43
game qua kho de choi,0,2026-05-08 23:50:17
cigansky sen,1,2026-05-08 23:09:50
ok,1,2026-05-08 23:08:05
:))),1,2026-05-08 22:38:36
"我是一名普通的《绝地求生：战场》老玩家，当初真心喜欢这款游戏，为了账号、为了更好的游戏体验付出了时间与金钱，可账号被盗、无故被封之后，只剩下满心的心酸与无力。
 
我曾经无比热爱这款游戏：写实的枪战竞技手感、每一局紧张刺激的生存博弈、和队友组队拼到最后成功吃鸡的热血，都让我一次次沉浸其中。我认真打磨枪法、积累赛季奖励、用心收藏每一件皮肤与道具，一点点把账号养成了自己珍视的心血，也心甘情愿为游戏付费，只为获得更好的游玩体验，把这里当成了日常放松、结交好友的自留地。
 
可意外来得猝不及防，账号不幸被盗，等我费尽心力找回账号的那一刻，迎来的不是失而复得的喜悦，而是账号被永久封禁的冰冷通知。盗号的人恶意违规、使用外挂作弊，最后所有的恶果，却要我这个原号主、合法氪金、本分游戏的普通玩家来承担。
 
我一遍遍走申诉流程，一次次提交被盗证据，换来的永远是冰冷的模板回复，账号根本没有办法解封。自己真金白银花钱买下、用心经营许久的账号，一夜之间化为乌有。那种叫天天不应、叫地地不灵的委屈与心酸，实在难以言说。明明我没有任何违规行为，却要为他人的恶行买单；明明我是被盗的受害者，最后却成了被平台惩罚的人，所有的投入、所有的回忆、所有的热爱，全都被轻飘飘的封禁通知打碎。
 
如今回头再看，游戏本身的玩法依旧出色，但糟糕的账号安全机制、冷漠低效的被盗申诉通道，真的狠狠寒了老玩家的心。普通玩家维权无路、氪金账号被盗封后无处说理，付出的时间、金钱与热情，全都打了水漂。
 
如果问我还会不会推荐其他人入坑，我只能说：游戏本身的竞技乐趣值得肯定，但极差的账号被盗保障、不公平的连坐封禁处理，会让每一个认真游玩、真心付费的玩家随时面临一无所有的风险。如果你没有极强的账号防护能力，没有能和低效客服长期拉扯的精力，真心不建议轻易大额投入、深度扎根。只希望官方能多听听普通被盗玩家的心声，完善被盗核验机制，还给无辜受害者一个公道，别再让真心热爱游戏的人，输得一无所有。",1,2026-05-08 22:18:16
"this game is called lembabej, skins are my life, i breath skins, i live for skins, everyday i wake up i think about skins, skins, skins, skins, pubg give me skins",1,2026-05-08 22:12:54
Its PUBG no need of more words,1,2026-05-08 22:11:57
YES,1,2026-05-08 21:52:35
game chiter,0,2026-05-08 20:57:48
"pretty good, better than fortnite, once you get over all the visual aids now that the game is free to play. i prefered if it still cost money so it still looked like how it used to",1,2026-05-08 20:17:16
"IT would be fun if it wasn't for the bots and cheaters ,The worse part is that they allow the cheaters to get away with it. Even Call of duty has better anti cheats .",0,2026-05-08 19:53:46
scene,1,2026-05-08 19:50:23
nice,1,2026-05-08 19:37:23
".
",1,2026-05-08 19:23:34
"false banned 3 hours in 10/10 will get banned again
",1,2026-05-08 19:17:47
https://youtu.be/S6x59ID79Cw,1,2026-05-08 18:15:16
"những thằng khiến tao mất top 1 thì nên đi chết là vừa
",0,2026-05-08 18:07:42
"may be good
",1,2026-05-08 17:28:40
THAT'S GAME SO MUCH BUG AND PACKET LOST,0,2026-05-08 16:38:16
"I decided to give this game another chance, only to be met with constant lag, disconnects, and crashes. If the developers spent as much time fixing the actual game as they do updating the cash shop, PUBG: Battlegrounds wouldn’t be the Poop House it is today.

Giving this game a 0/10 still feels too generous. I absolutely do not recommend it — the best thing you can do is uninstall it.",0,2026-05-08 16:35:22
Good,1,2026-05-08 16:09:54
"waste time
dont play game
get your life",0,2026-05-08 16:03:49
Great game,1,2026-05-08 15:32:28
gg,1,2026-05-08 14:35:25
wasd,1,2026-05-08 12:02:19
itsvery good game,1,2026-05-08 12:02:15
good,1,2026-05-08 12:01:15
"""The most ♥♥♥♥♥♥ up joke life can play on you is letting you meet the right person at the wrong time.""
",0,2026-05-08 11:00:52
good,1,2026-05-08 11:00:52
add jiggle pysics,1,2026-05-08 10:56:26
adada,1,2026-05-08 09:14:42
i Crossed the pewdiepie bridge back in the day good times,1,2026-05-08 08:36:14
"WELL FAIR ENOUGH A GAME BETTER THAN >>>>> YOU KNOW WHAT I MEAN
",1,2026-05-08 07:14:25
$,1,2026-05-08 07:05:11
better than CS...,1,2026-05-08 06:49:18
its fun,1,2026-05-08 06:47:36
tuff,1,2026-05-08 06:42:01
the most epic battle royale ever played online together with friends and families ^_^,1,2026-05-08 06:20:24
"<3
",1,2026-05-08 05:49:43
all good until the recent update which is ass,0,2026-05-08 05:28:25
im faded,1,2026-05-08 05:00:13
xd,0,2026-05-08 04:43:03
",",1,2026-05-08 04:24:43
good game  :),1,2026-05-08 04:23:54
laggers,0,2026-05-08 04:05:22
♥♥♥♥♥♥♥ hell this game is so bad ♥♥♥♥ india,0,2026-05-08 03:59:49
"good
",1,2026-05-08 03:17:39
gg,1,2026-05-08 02:34:44
👍,1,2026-05-08 02:31:20
Ass,0,2026-05-08 02:27:14
gud but i need more optimize,1,2026-05-08 02:17:48
goood,1,2026-05-08 02:12:47
apart from the movement (which imo is clunky) its a very good game,1,2026-05-08 02:08:11
Best battle royal of all battle royal,1,2026-05-08 01:58:41
coool,1,2026-05-08 01:56:04
sassux,1,2026-05-08 01:42:20
Please just delete your whole Game,1,2026-05-08 01:39:33
Very entertaining,1,2026-05-08 00:15:13
gud,1,2026-05-07 22:48:59
very fun pvp and with friends used to play back in the day this game is very much still poppin with a huge player base,1,2026-05-07 22:47:09
Main biar keren,1,2026-05-07 21:48:17
很好玩,1,2026-05-07 21:31:45
ok,1,2026-05-07 21:02:42
ما كتير كيسة(صعبة شوي كتير),1,2026-05-07 20:59:53
Release for so long already but still got a lot of problem not solve yet,0,2026-05-07 20:13:28
Тра,1,2026-05-07 20:02:25
Love the game,1,2026-05-07 19:25:36
the game has gotten alot better since launch,1,2026-05-07 17:17:26
傻逼游戏奇迹暖暖肌无力,0,2026-05-07 16:06:34
Ts good,1,2026-05-07 14:41:12
if you like to beat your meat to your sister or enjoy eating dogs this is the game for you. nothing but incest and slanty eyed feckers on this dog water game,0,2026-05-07 12:36:09
how am I suppose to play if the game keep crashing???,0,2026-05-07 12:23:27
"This game is rilly good
",1,2026-05-07 11:30:22
Ja sam Asim Bajric iz sela Prdovo igrica kida,1,2026-05-07 10:20:09
awesome,1,2026-05-07 10:11:45
güzel oyun,1,2026-05-07 09:46:11
82% hac**ers players,0,2026-05-07 09:36:21
great game but trying to win is a ♥♥♥♥♥,1,2026-05-07 09:03:54
papagee,1,2026-05-07 07:55:54
phillipino worst nightmare,0,2026-05-07 07:23:37
.,1,2026-05-07 05:54:26
"🔫 PUBG: BATTLEGROUNDS – Trust Nobody Edition

Rating: 8/10 ☠️

Jumped from plane.
Landed safely.
Got punched to death by a naked guy.

Welcome to PUBG — where you loot for 20 minutes just to get sniped by someone sitting in a bush since 2017.

This game invented battle royale… and also invented heart attacks per second. One footstep and suddenly you’re crouching like your life depends on it (because it does).

Pros:

Pure adrenaline… like actual fear

Gunplay feels REAL (recoil = gym workout)

Winning once = ego boost for 3 business days


Cons:

Loot for 30 mins → die in 0.3 seconds

Bushes have more players than buildings

Trust issues unlocked permanently


Steam reviews are mixed (~66%) but still active and popular 


---

🪦 Verdict

Play with squad = WAR MOVIE 🎬
Play solo = THERAPY NEEDED 🧠

Recommended?
Yes 👍
But remember…

👉 *If you didn’t see them… they saw you.*",1,2026-05-07 05:45:57
NEVER AGAIN TEST TRACK ONLY,0,2026-05-07 04:59:51
too many cheater,0,2026-05-07 04:55:42
YES,1,2026-05-07 04:48:24
"gay worsy ♥♥♥♥♥♥♥ game ever
pls optimize it
\",0,2026-05-07 04:32:34
Its fun but ragebait,1,2026-05-07 04:07:32
dsa,1,2026-05-07 03:51:00
best game,1,2026-05-07 03:45:30
"hello





",1,2026-05-07 03:40:44
цуа,1,2026-05-07 03:30:37
"NEED TO BAN HACKERS 
",1,2026-05-07 02:40:34
"PUBG sits at the top of the charts with the kind of consistency that demands acknowledgment even from people who have zero interest in playing it, and I am one of those people.

Krafton essentially invented the modern battle royale template with this one. Everything from Fortnite to Warzone to every other drop in and survive game that followed owes its existence to what PUBG established, and that legacy is real regardless of how you feel about the genre it spawned. Being the blueprint matters even if the blueprint isn't your thing.

The problem is that being first and being best are different conversations and PUBG has always sat more comfortably in the former than the latter. The graphics have improved from the genuinely rough early access state but never quite shed that utilitarian quality that made the original feel like a tech demo that accidentally became a phenomenon. For a game that charges what it charges and has the playerbase it has the presentation has always felt like it was running to catch up with its own popularity.

The genre itself is the real barrier for a lot of people. Dropping into a shrinking zone with a hundred strangers and spending the first ten minutes finding a weapon is a specific kind of tension that either hooks you completely or leaves you cold, and there is no in between. If it doesn't grab you in the first few hours it never will.

Battlefield scratches the large scale multiplayer itch with actual structure, defined roles, vehicles, and objectives that make every match feel purposeful rather than arbitrary. That's a completely defensible preference and not one that requires much of a fight to justify.",0,2026-05-07 02:03:01
GG,1,2026-05-07 01:52:00
babagi,1,2026-05-07 01:28:24
i mean its a pretty good game but too many sweats,1,2026-05-07 00:48:27
game toàn hack là hack,0,2026-05-06 23:55:12
very good game  but i want to play ranked and you say i should be level 80 to play it,1,2026-05-06 23:51:19
"GOOD GAME
",1,2026-05-06 21:39:33
dddd,0,2026-05-06 19:29:22
Easy to learn and Hard to Master. Needs absolute skill to dominate.,1,2026-05-06 19:23:42
"full of cheaters, dont play this trash game",0,2026-05-06 17:24:05
LAG,0,2026-05-06 16:37:08
Its fun,1,2026-05-06 16:09:05
ok.,1,2026-05-06 16:08:15
nostalgic,1,2026-05-06 16:03:27
"Yall ♥♥♥♥♥♥ better listen the game was great and everything like this game is actually pretty good. I’m not gonna lie. I never liked PUBG because I thought the game look like ♥♥♥♥ but now playing the game is low-key fun but unfortunately just like a many other online games you’ll get band for standing up for what’s right…. 

I got banned for a whole week for team killing a bunch of racist people on my team. I’m not gonna accept none of that racist ♥♥♥♥♥♥♥♥ y’all are not gonna call me a f**ing  N-word ""er"" to my face n think you’ll get away with it. SMDD 

But other than that highly recommended :))))))))",0,2026-05-06 15:53:53
"foooking good
",1,2026-05-06 15:47:47
"I love the game mechanic and graphics, even though putting in low setting we can enjoy battel-ground map clearly and visually appealing. I would say after a long way of development of this game, lobby are real player and amazing online player world wide.",1,2026-05-06 15:36:36
good,1,2026-05-06 15:34:04
"GAME RAC ZO RAT CHAM CHAM 1 DIEM
",0,2026-05-06 15:10:55
good,1,2026-05-06 14:31:52
GOOD,1,2026-05-06 14:00:24
wow,1,2026-05-06 13:07:36
"even tho its a really hard game to play, i like what it has like the guns and health things.
",1,2026-05-06 13:04:00
Jump die jump die again. Love the parachute physics,1,2026-05-06 12:47:48
It's free and little to no cheaters in casual. No lag for my computer.,1,2026-05-06 12:45:49
"nice
",1,2026-05-06 12:20:06
⋆౨ৎ ₊˚ 💗・₊✧ ₊˚,1,2026-05-06 11:16:52
.,1,2026-05-06 11:13:56
"Good game but have so much hack, they use USB or something else",1,2026-05-06 10:02:12
great game,1,2026-05-06 09:18:10
Amazing game to spend time playing with mates.,1,2026-05-06 08:54:56
:),1,2026-05-06 08:51:55
"To the people who kill me from 2 meters away using Panzerfaust, please use it intended way.
",1,2026-05-06 08:33:35
"Muy bueno me pegue una viciada cuando recien salio alla por el 2018, lo volvi a probar hoy en 2026 y ya no es lo mismo y aparte que ahora es free to play q asco",0,2026-05-06 08:19:39
no,0,2026-05-06 07:38:10
i only intalt it coz of discord but looky fun,1,2026-05-06 07:20:52
Piece of ♥♥♥♥ game. terribly optimized.,0,2026-05-06 06:32:04
Great game to kill your time and not only!,1,2026-05-06 06:00:50
"прикольно, когда ты бегаешь и познаёшь игру и тебе в затылок прилетает пуля от задрота-китайца/индуса/турка, который всю жизнь играет в эту игру и параллельно пишет чит для неё правой лодыжкой седьмого прадеда а-ля киберспортсмена.",0,2026-05-06 05:32:10
w game 100% play,1,2026-05-06 04:55:33
can't do much without paying,0,2026-05-06 04:52:18
пум пум пум королевские битвы королевские креветки,1,2026-05-06 04:40:44
PUBG is still good 9 years later,1,2026-05-06 04:27:00
"I'm biased because I played during the golden days of this game, but it is still THE best battle royale out there by far. Nothing beats the intensity and fun of getting first place and getting kills like in this game.",1,2026-05-06 04:20:13
very good games,1,2026-05-06 04:16:02
"Stuck on black screen , file corruption",0,2026-05-06 03:49:43
"welp, i hit that magic number of 1k hours. what is there to say? not too many games give you this certain feeling that bring so many of us back after all these years. drop in with friends, scream at your teammates to pick you up, get headshot by some sweat just to report him for ""hacking"" (lol). i'm always looking for that next big game and there have been some who had their moments, but PUBG has always remained high on the list for a reason. the dev's keep it fresh with solid updates that actually feel useful to the game and community. some maps have come and gone, some are fun but erangel is forever.

the only complaints i have are that when you pull chance on crates its typically female clothing, i think it should be more 50/50. more vehicle collabs and maybe team up with less legacy car/motorcycle brands and put some more mid/ low tier options that can be had at a more reasonable rate. variety in transportation choices as well as more bicycle skins. 
download the game, play with friends, hot drop or long game. either way you shake it, there will never be another battle royale quite like PUBG.
p.s, 
dont press F in a moving vehicle",1,2026-05-06 03:10:43
generally fun game nice graphics jsut movement needs some work,1,2026-05-06 02:41:14
gg,1,2026-05-06 02:27:25
qweqqweqwe,1,2026-05-06 02:19:20
nice,1,2026-05-06 01:46:56
"The desync in this game is AWFUL. 
I rush the enemy, shoot first and still get killed. When i checked the replay, i was just running and staring at him, while apparently he was shooting at me and i wasn't shooting at all??????????
I mean... bruh.. Yeah other games have this problem but in PUBG its absolutely the worst and the most noticeable.
Also even if you get behind the cover you will get killed.


",0,2026-05-06 01:30:38
"Great concept, terrible execution and moderation.

PUBG has some of the best gameplay and concepts in the genre, but the current state of the game is frustrating. It feels like at least 40% of the player base is using anti-recoil macros, and hackers are rampant. I recorded a player for 40 minutes across two matches where they wiped out two entire lobbies (40 kills total). Despite providing video proof to the developers, they only issued a 3-day suspension.

Meanwhile, I received the same 3-day suspension just for using a proxy so I could use Discord (which is currently banned in my country). It is ridiculous that actual cheaters ruining the game get the same light ""slap on the wrist"" as someone just trying to communicate with their team. The devs need to fix their priorities.",1,2026-05-06 01:13:30
mulauuuuyooo,1,2026-05-06 00:50:35
Golden oldie,1,2026-05-06 00:36:51
Great Game,1,2026-05-06 00:34:43
nice,1,2026-05-06 00:33:50
good,1,2026-05-06 00:03:10
Szar az egész fejbelövöm 3-szor és nem hal bele,0,2026-05-06 00:01:10
I liked it better when it was just PUBG,0,2026-05-05 23:40:29
"great game although could be better optimized, especially considering the competitive nature of it",1,2026-05-05 23:14:42
good game,1,2026-05-05 22:44:48
gameok/,1,2026-05-05 22:35:53
"♥♥♥♥♥♥♥ anticheat 30 hours of every player in the game actively cheating, do not play this slop",0,2026-05-05 21:21:06
NO,0,2026-05-05 20:08:37
GOOD,1,2026-05-05 19:49:21
you cant even play in the recomended cpu any more,0,2026-05-05 19:36:27
hay,1,2026-05-05 19:30:01
гавнище,0,2026-05-05 19:17:48
"Nice
",1,2026-05-05 18:49:06
peak,1,2026-05-05 18:29:20
fortinaiti ilababajiii babajiii,1,2026-05-05 18:05:21
asdfghjkl;,1,2026-05-05 16:00:50
game hay,1,2026-05-05 14:50:35
six seven,1,2026-05-05 12:33:06
fun game,1,2026-05-05 12:17:51
FORTNITE IS BETTER THO SO DONT PLAY THIS GARBIUGE,1,2026-05-05 11:49:17
yes,1,2026-05-05 11:11:06
diriktv,1,2026-05-05 11:01:08
"Even years after its release, PUBG remains the most satisfying tactical Battle Royale on the market. The gunplay is punishing but incredibly rewarding once you master the bullet drop and recoil patterns.",1,2026-05-05 10:39:08
,1,2026-05-05 10:16:14
;,1,2026-05-05 10:12:32
bom,1,2026-05-05 10:08:12
HARD. Fun...but fudging hard lmao,1,2026-05-05 09:47:29
PHILLIPSCUTE,1,2026-05-05 09:16:24
gweat game. highwy weccomend!,1,2026-05-05 08:32:50
Good enough,1,2026-05-05 08:29:21
Biggest KOKOTINA in the world,0,2026-05-05 07:36:21
I don't like the extremely predatory gacha system. It's 2026.,0,2026-05-05 07:03:24
Is a very good game!,1,2026-05-05 06:05:30
"fun battle royal game. It is however a little less forgiving than most, but fun none the less. I just dont take me losing seriously and its tons of fun plays great on my pc.",1,2026-05-05 05:26:33
"They will never get rid of the cheaters. 2500 hours, wont play it again.",0,2026-05-05 04:46:06
this game is the best game ever but with the worst anticheat system fix it please,1,2026-05-05 04:44:24
THIS GAME IS ♥♥♥♥,0,2026-05-05 04:27:08
Herkesin kralını sikeyim,1,2026-05-05 04:03:51
GG,1,2026-05-05 03:45:13
great game but very hard to get good at makes u rage a lot,1,2026-05-05 03:35:09
"GOOD
",1,2026-05-05 03:22:40
Embrace the suck,0,2026-05-05 01:56:38
"gooning
",1,2026-05-05 01:34:06
not bad,1,2026-05-05 01:25:44
 like it so much,1,2026-05-05 00:40:30
"old graphics
terrible shooting",0,2026-05-05 00:09:18
.,1,2026-05-04 22:58:44
"best game ever
",1,2026-05-04 22:30:15
AHH GIRL LOOK AT THAT BODY,1,2026-05-04 22:08:53
good,1,2026-05-04 21:35:37
playing for few hour and got banned WTFFFFFF!!!!!!!!,0,2026-05-04 21:33:13
game is ass,0,2026-05-04 20:49:58
w,1,2026-05-04 18:12:44
GAME NHU CON CAC,0,2026-05-04 18:10:26
"Nah, unironically the playerbase is dwindling down because the current hardcore playerbase bullying every new player trying to try the game",0,2026-05-04 16:43:43
the ♥♥♥♥♥♥♥ game wont open when i click on it. It just keep shutting its self down and I have to keep reopening to it finaly works,0,2026-05-04 13:57:01
"i absolutely ♥♥♥♥♥♥♥ hate this game, 10/10",1,2026-05-04 13:50:23
"The battle royale gameplay can be fun, but everything surrounding the gameplay (laughably bad loot boxes, bizarre crafting, annoying emotes, timed events, premium content constantly being thrust in your face, a nightmarishly inefficient UI, etc) prevents me from recommending this game. Many things could be done to improve player satisfaction (like being able to exclude your least favorite map from matchmaking), but there are simply too many intentionally anti-player, profit-motivated choices in this game's design.",0,2026-05-04 13:44:07
fun game,1,2026-05-04 11:34:44
YOU HAVE TO BE GOOD,1,2026-05-04 10:45:20
"there is no pass catch up system so if you join the game late in the pass then you wont max it out. and there is just nothing you can do about it. and the game is terrible anyway. late game is AWLAYS sniper battles. ALWAYS. every match feels exactly like the previous one. if they changed snipers or maybe had a mode that removed them i think it would make the gameplay a bit better and less repetitive. because it doesn't matter how many different guns they add, at any point past the first half of the match all you are using is snipers anyway. if you don't you die. if you do, you might win but it makes every match feel the same. honestly, for the OG Battle Royale games, it should be of higher quality. I don't like Fortnite anymore but it's way higher quality than this. also the combat filters down do one shot or die mechanics and it's annoying. YOU ONE SHOT, or they one shot you. NO IN BETWEEN",0,2026-05-04 10:41:46
only reason i redownload this game was to play the Xeno Point game mode and now i find out its only for a limited time yeah I'm done bro I'm not playing this game again. i really do dislike game company's adding game modes and then only allowing you to play them for a limited time and then removing them or the game company's setting the game mode to waiting a couple weeks just to play again.,0,2026-05-04 10:35:36
"ok
",1,2026-05-04 10:31:13
"Most of the time you wait till theres 10 left and then get ♥♥♥♥ on or get ♥♥♥♥ on in 10 seconds/ 10/10 game, 10/10 skill gap",1,2026-05-04 09:37:04
unrecommend until they bring solos and FPP (Due and solo) for ranked,0,2026-05-04 09:08:58
if you like it you like it,1,2026-05-04 09:05:23
бијеш кленкере топ,1,2026-05-04 08:15:04
if you like it you like it,1,2026-05-04 07:49:24
"if you combine, old ass game, trash sound design, trash graphics, trash mechanics, trash dev work, trash anti-cheat, and rat city then; you got PUBG.",0,2026-05-04 06:54:01
GOOD,1,2026-05-04 06:49:59
sometimes i must to fight against hackers but its kinda great,1,2026-05-04 06:33:31
"good
",1,2026-05-04 05:59:54
make pubg great again,1,2026-05-04 05:33:07
oti xeirotero uparxei,1,2026-05-04 04:59:56
Crazy game name says it all,1,2026-05-04 04:36:55
The performance is awful. I dont like PvP in this game but thats more of an me problem.,0,2026-05-04 04:13:27
"Why don’t you put the game on GeForce NOW? I really want to play it but don’t have a PC. If it were available there, I believe the player base would grow significantly.",1,2026-05-04 04:09:51
this game is good,1,2026-05-04 03:36:39
"PUBG is a great game if you enjoy the realistic experience of your enemies’ bullets being made out of pure nuclear energy while yours feel like you’re gently throwing marshmallows at them. I can unload half a magazine into someone and they just turn around like I tickled them, but one random dude sneezes in my direction and I’m instantly back in the lobby. 10/10 would get destroyed again.",1,2026-05-04 03:14:08
one shot out of moving car with a Lynx from 800m away,1,2026-05-04 03:12:53
it is a nice multiplayer shooting game but it is not beginer friendly and needs plus for ranked and other matches an much more,1,2026-05-04 02:42:19
gg,1,2026-05-04 02:17:37
zaza,0,2026-05-04 02:12:46
sick,1,2026-05-04 02:09:52
Брендан Грин я твою мать ♥♥♥♥,0,2026-05-04 01:56:57
yesss very nice game,1,2026-05-04 01:45:55
"the game is fun with friends, dont play it alone or els",1,2026-05-04 01:39:56
it was super fun and hard but it was dihtastic,1,2026-05-04 01:39:29
cool,1,2026-05-04 01:36:55
"cool
",1,2026-05-04 01:34:39
tried playing it again after a few years just to run around for 10mins and then get oneshot by a sniper,0,2026-05-04 01:10:30
very laggy game,0,2026-05-04 00:08:13
qwe,1,2026-05-04 00:05:26
"Good game , good graphics but the gameplay could be improved a bit",1,2026-05-04 00:01:29
i've been playing this game 7 and half years now i have more than 12K hours on this game and i have to say it is so unplayble from cheater that you cantr progress your skills cause you fall and you die thats all and ranked is mixed of playersa with low level accounts that would tear you apart and they cant do ♥♥♥♥ about it so yeah no even recomending tryin piece of garbage and waste of money as well as waste of time... regrets for them cause i used to enjoy it so much,0,2026-05-03 23:58:45
Play it or Els,1,2026-05-03 23:29:40
nice game,1,2026-05-03 23:11:15
